"Search query (""spring"" AND """")",Result
<empty>,1 127
java,1 099
SQL,704
PostgreSQL,627
docker,497
kafka,459
Web,433
REST,425
Hibernate,402
maven,397
Data,344
kubernetes,341
Security,339
Oracle,334
gradle,291
orm,256
kotlin,238
linux,224
junit,222
cloud,214
NoSQL,176
redis,163
integration,144
MVC,137
mongodb,132
jpa,121
MySQL,111
jdbc,94
elasticsearch,94
streaming,85
cassandra,81
jms,78
Messaging,59
activemq,54
liquibase,54
groovy,52
брокер сообщений,50
flyway,36
balancer,32
websocket,30
graphql,28
webflux,27
batch,25
mybatis,21
gateway,17
jooq,15
vaadin,14
lombok,13
netflix,12
oauth2,11
socket,11
feign,11
amqp,10
zookeeper,10
zipkin,9
cache,7
ldap,5
quartz,5
freemarker,4
couchbase,4
actuator,4
r2dbc,3
neo4j,2
artemis,2
jersey,1
mustache,0
thymeleaf,0